impl,stencil,N,cups
C-f64-1T,5,161,6.9799e+08
C-f64-4T,5,161,1.8148e+09
C-f32-1T,5,161,1.8464e+09
C-f32-4T,5,161,3.5153e+09
JS-f64,5,161,2.0753e+8
JS-f32,5,161,1.7189e+8
numpy,5,161,5.9292e+07
numba-1T,5,161,1.2464e+09
numba-4T,5,161,2.0358e+09
C-f64-1T,5,321,6.6660e+08
C-f64-4T,5,321,1.8049e+09
C-f32-1T,5,321,2.1215e+09
C-f32-4T,5,321,4.9495e+09
JS-f64,5,321,2.0240e+8
JS-f32,5,321,1.7519e+8
numpy,5,321,6.8737e+07
numba-1T,5,321,7.9834e+08
numba-4T,5,321,3.3170e+09
C-f64-1T,5,641,5.9303e+08
C-f64-4T,5,641,2.1289e+09
C-f32-1T,5,641,1.4129e+09
C-f32-4T,5,641,7.2702e+09
JS-f64,5,641,1.9106e+8
JS-f32,5,641,1.6402e+8
numpy,5,641,6.7187e+07
numba-1T,5,641,6.2456e+08
numba-4T,5,641,1.9402e+09
C-f64-1T,5,1281,4.6658e+08
C-f64-4T,5,1281,1.7208e+09
C-f32-1T,5,1281,1.1396e+09
C-f32-4T,5,1281,4.7917e+09
JS-f64,5,1281,1.9325e+8
JS-f32,5,1281,1.3351e+8
numpy,5,1281,6.6384e+07
numba-1T,5,1281,4.6955e+08
numba-4T,5,1281,1.6390e+09
C-f64-1T,5,2561,3.5141e+08
C-f64-4T,5,2561,1.4185e+09
C-f32-1T,5,2561,8.8676e+08
C-f32-4T,5,2561,4.3171e+09
JS-f64,5,2561,1.8642e+8
JS-f32,5,2561,1.6656e+8
numpy,5,2561,4.1629e+07
numba-1T,5,2561,3.8605e+08
numba-4T,5,2561,1.5564e+09
C-f64-1T,5,4097,3.7073e+08
C-f64-4T,5,4097,1.1740e+09
C-f32-1T,5,4097,6.8879e+08
C-f32-4T,5,4097,2.9649e+09
JS-f64,5,4097,1.9250e+8
JS-f32,5,4097,1.7461e+8
numpy,5,4097,3.3589e+07
numba-1T,5,4097,3.8788e+08
numba-4T,5,4097,1.2926e+09
C-f64-1T,6,161,5.9224e+08
C-f64-4T,6,161,1.5829e+09
C-f32-1T,6,161,7.7910e+08
C-f32-4T,6,161,1.5795e+09
JS-f64,6,161,1.6777e+8
JS-f32,6,161,1.5701e+8
numpy,6,161,5.0643e+07
numba-1T,6,161,1.0733e+09
numba-4T,6,161,1.9666e+09
C-f64-1T,6,321,5.9292e+08
C-f64-4T,6,321,1.7069e+09
C-f32-1T,6,321,7.9084e+08
C-f32-4T,6,321,1.6230e+09
JS-f64,6,321,1.8173e+8
JS-f32,6,321,1.4923e+8
numpy,6,321,5.1185e+07
numba-1T,6,321,8.8049e+08
numba-4T,6,321,2.8930e+09
C-f64-1T,6,641,5.2654e+08
C-f64-4T,6,641,1.6533e+09
C-f32-1T,6,641,7.2170e+08
C-f32-4T,6,641,1.6573e+09
JS-f64,6,641,1.6806e+8
JS-f32,6,641,1.6634e+8
numpy,6,641,5.3443e+07
numba-1T,6,641,5.2253e+08
numba-4T,6,641,1.6748e+09
C-f64-1T,6,1281,3.8958e+08
C-f64-4T,6,1281,1.2340e+09
C-f32-1T,6,1281,6.0218e+08
C-f32-4T,6,1281,1.4228e+09
JS-f64,6,1281,1.6984e+8
JS-f32,6,1281,1.1737e+8
numpy,6,1281,5.4228e+07
numba-1T,6,1281,3.6845e+08
numba-4T,6,1281,1.3112e+09
C-f64-1T,6,2561,3.6919e+08
C-f64-4T,6,2561,1.3030e+09
C-f32-1T,6,2561,5.1410e+08
C-f32-4T,6,2561,1.3725e+09
JS-f64,6,2561,1.7080e+8
JS-f32,6,2561,1.5806e+8
numpy,6,2561,3.4597e+07
numba-1T,6,2561,3.8417e+08
numba-4T,6,2561,1.3433e+09
C-f64-1T,6,4097,3.7800e+08
C-f64-4T,6,4097,1.3815e+09
C-f32-1T,6,4097,5.0041e+08
C-f32-4T,6,4097,1.3343e+09
JS-f64,6,4097,1.1699e+8
JS-f32,6,4097,1.1673e+8
numpy,6,4097,2.8006e+07
numba-1T,6,4097,3.6369e+08
numba-4T,6,4097,1.2333e+09
C-f64-1T,9,161,5.4197e+08
C-f64-4T,9,161,1.3662e+09
C-f32-1T,9,161,7.5243e+08
C-f32-4T,9,161,1.6003e+09
JS-f64,9,161,1.5831e+8
JS-f32,9,161,1.3762e+8
numpy,9,161,3.5500e+07
numba-1T,9,161,1.0007e+09
numba-4T,9,161,1.8565e+09
C-f64-1T,9,321,5.0143e+08
C-f64-4T,9,321,1.5012e+09
C-f32-1T,9,321,8.2283e+08
C-f32-4T,9,321,1.7870e+09
JS-f64,9,321,1.5303e+8
JS-f32,9,321,1.4310e+8
numpy,9,321,3.9952e+07
numba-1T,9,321,7.9940e+08
numba-4T,9,321,2.6941e+09
C-f64-1T,9,641,4.1637e+08
C-f64-4T,9,641,1.3068e+09
C-f32-1T,9,641,7.2162e+08
C-f32-4T,9,641,1.7781e+09
JS-f64,9,641,1.3793e+8
JS-f32,9,641,1.3887e+8
numpy,9,641,3.8229e+07
numba-1T,9,641,4.1770e+08
numba-4T,9,641,1.3529e+09
C-f64-1T,9,1281,3.3203e+08
C-f64-4T,9,1281,9.5525e+08
C-f32-1T,9,1281,6.0784e+08
C-f32-4T,9,1281,1.4545e+09
JS-f64,9,1281,1.1444e+8
JS-f32,9,1281,1.0613e+8
numpy,9,1281,3.9155e+07
numba-1T,9,1281,3.4862e+08
numba-4T,9,1281,9.9894e+08
C-f64-1T,9,2561,3.7910e+08
C-f64-4T,9,2561,1.0979e+09
C-f32-1T,9,2561,5.3042e+08
C-f32-4T,9,2561,1.6404e+09
JS-f64,9,2561,1.1019e+8
JS-f32,9,2561,9.9276e+7
numpy,9,2561,3.3394e+07
numba-1T,9,2561,3.9628e+08
numba-4T,9,2561,1.3149e+09
C-f64-1T,9,4097,3.5680e+08
C-f64-4T,9,4097,1.1347e+09
C-f32-1T,9,4097,5.1039e+08
C-f32-4T,9,4097,1.3928e+09
JS-f64,9,4097,1.1359e+8
JS-f32,9,4097,9.8530e+7
numpy,9,4097,1.0804e+07
numba-1T,9,4097,3.5508e+08
numba-4T,9,4097,1.2428e+09
