impl,N,cups
C++-1T,161,5.3676e+08
C++-4T,161,4.7707e+08
C#-safe,161,3.4841E+008
C#-unsafe,161,3.4084E+008
C#-par4,161,6.1855E+008
C++-1T,321,5.9492e+08
C++-4T,321,1.9088e+09
C#-safe,321,3.7705E+008
C#-unsafe,321,3.7679E+008
C#-par4,321,9.3504E+008
C++-1T,641,5.2709e+08
C++-4T,641,1.7273e+09
C#-safe,641,3.1886E+008
C#-unsafe,641,3.9568E+008
C#-par4,641,9.4912E+008
C++-1T,1281,4.4892e+08
C++-4T,1281,1.1842e+09
C#-safe,1281,2.7727E+008
C#-unsafe,1281,3.5977E+008
C#-par4,1281,8.9907E+008
C++-1T,2561,4.4810e+08
C++-4T,2561,1.5741e+09
C#-safe,2561,2.7474E+008
C#-unsafe,2561,3.6150E+008
C#-par4,2561,1.1223E+009
C++-1T,4097,4.0310e+08
C++-4T,4097,1.1680e+09
C#-safe,4097,2.4090E+008
C#-unsafe,4097,3.3069E+008
C#-par4,4097,1.0156E+009
